<repast.simphony.data2.engine.DataSetDescriptor>
  <name>New Data Set</name>
  <type>NON_AGGREGATE</type>
  <sourceType>Transmission.Agent</sourceType>
  <inclTick>true</inclTick>
  <inclBatchRun>false</inclBatchRun>
  <inclRandomSeed>false</inclRandomSeed>
  <scheduleParams>
    <start>1.0</start>
    <interval>1.0</interval>
    <priority>-Infinity</priority>
    <pType>LAST</pType>
    <duration>-1.0</duration>
    <frequency>REPEAT</frequency>
    <hashCode>-1007617260</hashCode>
  </scheduleParams>
  <atEnd>false</atEnd>
  <methodDataSources class="linked-hash-map">
    <entry>
      <string>CulturalTraits</string>
      <repast.simphony.data2.engine.MethodDataSourceDefinition>
        <id>CulturalTraits</id>
        <className>Transmission.Agent</className>
        <methodName>getCulturalTraits</methodName>
      </repast.simphony.data2.engine.MethodDataSourceDefinition>
    </entry>
  </methodDataSources>
  <countSources class="linked-hash-map"/>
  <customNADataSources class="linked-hash-map"/>
  <customAggDataSources class="linked-hash-map"/>
</repast.simphony.data2.engine.DataSetDescriptor>