<?xml version="1.0" ?><sweep runs="100"><parameter name="energyCost" type="constant" constant_type="double" value="25.0"></parameter><parameter name="nSteps" type="constant" constant_type="double" value="500"></parameter><parameter name="maxEnergy" type="constant" constant_type="double" value="100.0"></parameter><parameter name="xDim" type="constant" constant_type="int" value="30"></parameter><parameter name="maxResource" type="constant" constant_type="double" value="100.0"></parameter><parameter name="yDim" type="constant" constant_type="int" value="30"></parameter><parameter name="decisionType" type="constant" constant_type="java.lang.String" value="greedy"></parameter><parameter name="memory" type="constant" constant_type="boolean" value="false"></parameter><parameter name="resourceGrowthRate" type="constant" constant_type="double" value="25.0"></parameter><parameter name="searchRadius" type="number" number_type="int" start="1" end="30" step="1"></parameter></sweep>