<?xml version="1.0" ?><sweep runs="1"><parameter name="nTraits" type="constant" constant_type="int" value="3"></parameter><parameter name="timeStep" type="constant" constant_type="int" value="5000"></parameter><parameter name="xDim" type="constant" constant_type="int" value="10"></parameter><parameter name="transmissionType" type="constant" constant_type="java.lang.String" value="prestige"></parameter><parameter name="interactionRadius" type="constant" constant_type="double" value="3"></parameter><parameter name="replacementRate" type="constant" constant_type="double" value="0.1"></parameter><parameter name="traitRange" type="constant" constant_type="int" value="5"></parameter><parameter name="innovationRate" type="constant" constant_type="double" value="0.01"></parameter><parameter name="yDim" type="constant" constant_type="int" value="10"></parameter><parameter name="moveDistance" type="constant" constant_type="double" value="1.0"></parameter><parameter name="prestigeIndex" type="constant" constant_type="int" value="0"></parameter><parameter name="nAgents" type="number" number_type="int" start="5" end="500" step="1"></parameter></sweep>